-- phpMyAdmin SQL Dump
-- version 5.2.0
-- https://www.phpmyadmin.net/
--
-- Host: 127.0.0.1
-- Waktu pembuatan: 03 Jun 2023 pada 14.29
-- Versi server: 10.4.24-MariaDB
-- Versi PHP: 8.1.6

SET SQL_MODE = "NO_AUTO_VALUE_ON_ZERO";
START TRANSACTION;
SET time_zone = "+00:00";


/*!40101 SET @OLD_CHARACTER_SET_CLIENT=@@CHARACTER_SET_CLIENT */;
/*!40101 SET @OLD_CHARACTER_SET_RESULTS=@@CHARACTER_SET_RESULTS */;
/*!40101 SET @OLD_COLLATION_CONNECTION=@@COLLATION_CONNECTION */;
/*!40101 SET NAMES utf8mb4 */;

--
-- Database: `db_baksorabaya`
--

-- --------------------------------------------------------

--
-- Struktur dari tabel `pemesanan`
--

CREATE TABLE `pemesanan` (
  `id_pemesanan` int(50) NOT NULL,
  `tanggal_pemesanan` date NOT NULL,
  `total_belanja` int(50) NOT NULL
) ENGINE=InnoDB DEFAULT CHARSET=utf8mb4;

--
-- Dumping data untuk tabel `pemesanan`
--

INSERT INTO `pemesanan` (`id_pemesanan`, `tanggal_pemesanan`, `total_belanja`) VALUES
(44, '2023-05-30', 8000),
(46, '2023-05-31', 20000),
(47, '2023-05-31', 20000),
(48, '2023-06-02', 45000);

-- --------------------------------------------------------

--
-- Struktur dari tabel `pemesanan_produk`
--

CREATE TABLE `pemesanan_produk` (
  `id_pemesanan_produk` int(50) NOT NULL,
  `id_pemesanan` int(50) NOT NULL,
  `id_menu` varchar(50) NOT NULL,
  `jumlah` int(50) NOT NULL
) ENGINE=InnoDB DEFAULT CHARSET=utf8mb4;

--
-- Dumping data untuk tabel `pemesanan_produk`
--

INSERT INTO `pemesanan_produk` (`id_pemesanan_produk`, `id_pemesanan`, `id_menu`, `jumlah`) VALUES
(7, 32, '9', 1),
(8, 32, '11', 1),
(9, 33, '16', 1),
(10, 33, '6', 1),
(11, 34, '13', 1),
(12, 34, '8', 1),
(13, 34, '9', 1),
(14, 34, '17', 1),
(15, 35, '9', 2),
(16, 35, '14', 1),
(17, 36, '8', 1),
(18, 37, '13', 1),
(19, 37, '16', 1),
(20, 38, '8', 1),
(21, 39, '9', 1),
(22, 39, '16', 1),
(23, 40, '10', 1),
(24, 40, '14', 1),
(25, 41, '17', 1),
(26, 41, '10', 1),
(27, 41, '9', 2),
(28, 42, '9', 1),
(29, 42, '14', 1),
(30, 42, '7', 1),
(31, 42, '17', 1),
(32, 43, '24', 1),
(33, 44, '13', 1),
(34, 45, '14', 1),
(35, 45, '8', 1),
(36, 46, '6', 1),
(37, 46, '13', 1),
(38, 47, '6', 1),
(39, 47, '13', 1),
(40, 48, '6', 1),
(41, 48, '13', 1),
(42, 48, '24', 1);

-- --------------------------------------------------------

--
-- Struktur dari tabel `produk`
--

CREATE TABLE `produk` (
  `id_menu` int(50) NOT NULL,
  `nama_menu` varchar(50) NOT NULL,
  `jenis_menu` varchar(50) NOT NULL,
  `stok` int(50) NOT NULL,
  `harga` int(50) NOT NULL,
  `gambar` varchar(100) NOT NULL
) ENGINE=InnoDB DEFAULT CHARSET=utf8mb4;

--
-- Dumping data untuk tabel `produk`
--

INSERT INTO `produk` (`id_menu`, `nama_menu`, `jenis_menu`, `stok`, `harga`, `gambar`) VALUES
(6, 'Bakso Urat', 'Makanan', 80, 12000, 'bakso.jpeg'),
(8, 'Mie Ayam Bakso', 'Makanan', 50, 17000, 'mieayambakso.jpg'),
(13, 'Es Jeruk', 'Makanan', 55, 8000, 'esjeruk.jpg'),
(14, 'Jus Alpukat', 'Minuman', 50, 10000, 'juspukat.jpg'),
(15, 'Jus Mangga', 'Minuman', 50, 10000, 'jusmangga.jpg'),
(16, 'Teh Obeng', 'Minuman', 60, 5000, 'tehobeng.jpg'),
(17, 'Air Mineral', 'Minuman', 100, 4000, 'sanford.jpg'),
(23, 'Bakso Beranak', 'Makanan', 10, 30000, 'Bakso Beranak.jpg'),
(24, 'Bakso Tetelan', 'Makanan', 10, 25000, 'bakso tetelan.jpg'),
(25, 'Bakso Balungan', 'Makanan', 10, 24000, 'bakso balungan.jpg'),
(26, 'Bakso Daging', 'Makanan', 10, 15000, 'bakso daging.jpg');

-- --------------------------------------------------------

--
-- Struktur dari tabel `user`
--

CREATE TABLE `user` (
  `id_user` int(25) NOT NULL,
  `username` varchar(25) NOT NULL,
  `password` varchar(25) NOT NULL,
  `nama_lengkap` varchar(25) NOT NULL,
  `jenis_kelamin` varchar(25) NOT NULL,
  `tanggal_lahir` date NOT NULL,
  `alamat` varchar(25) NOT NULL,
  `hp` varchar(25) NOT NULL,
  `status` enum('admin','user','','') NOT NULL
) ENGINE=InnoDB DEFAULT CHARSET=utf8mb4;

--
-- Dumping data untuk tabel `user`
--

INSERT INTO `user` (`id_user`, `username`, `password`, `nama_lengkap`, `jenis_kelamin`, `tanggal_lahir`, `alamat`, `hp`, `status`) VALUES
(1, 'daus', 'daus123', 'Alfirdaus Muhammad Farhan', 'Laki-Laki', '1998-05-14', 'Tanjung Piayu', '089560328673', 'admin'),
(2, 'rinaldo', 'rinaldo123', 'Rinaldo', 'Laki-Laki', '1999-01-11', 'Tanjung Uma', '085233748222', 'user'),
(3, 'admin', 'admin', 'Alfirdaus Muhammad Farhan', 'Laki-Laki', '1998-05-19', 'Tanjung Piayu', '089123614882', 'admin'),
(4, 'user', 'user', 'Rinaldo', 'Laki-Laki', '1998-10-22', 'Tanjung Uma', '089560328673', 'user'),
(5, 'dika', '1234', 'Dika nuralixsyah', 'Laki-Laki', '2003-04-08', 'Trawas, Kab.Mojokerto', '089123334892', 'user'),
(6, 'rahmad', '1234', 'Rahmad firdiansyah', 'Laki-Laki', '2003-02-01', 'PONDOK BENOWO INDAH', '082235896651', 'admin'),
(7, 'lala', '1234', 'lala kurnia', 'Perempuan', '2010-06-07', 'kolo', '085646661353', 'user'),
(8, 'dkw', '1234', 'dika wahyu', 'Laki-Laki', '2025-06-25', 'trawas', '0887887837393', 'user');

--
-- Indexes for dumped tables
--

--
-- Indeks untuk tabel `pemesanan`
--
ALTER TABLE `pemesanan`
  ADD PRIMARY KEY (`id_pemesanan`);

--
-- Indeks untuk tabel `pemesanan_produk`
--
ALTER TABLE `pemesanan_produk`
  ADD PRIMARY KEY (`id_pemesanan_produk`);

--
-- Indeks untuk tabel `produk`
--
ALTER TABLE `produk`
  ADD PRIMARY KEY (`id_menu`);

--
-- Indeks untuk tabel `user`
--
ALTER TABLE `user`
  ADD PRIMARY KEY (`id_user`);

--
-- AUTO_INCREMENT untuk tabel yang dibuang
--

--
-- AUTO_INCREMENT untuk tabel `pemesanan`
--
ALTER TABLE `pemesanan`
  MODIFY `id_pemesanan` int(50) NOT NULL AUTO_INCREMENT, AUTO_INCREMENT=49;

--
-- AUTO_INCREMENT untuk tabel `pemesanan_produk`
--
ALTER TABLE `pemesanan_produk`
  MODIFY `id_pemesanan_produk` int(50) NOT NULL AUTO_INCREMENT, AUTO_INCREMENT=43;

--
-- AUTO_INCREMENT untuk tabel `produk`
--
ALTER TABLE `produk`
  MODIFY `id_menu` int(50) NOT NULL AUTO_INCREMENT, AUTO_INCREMENT=27;

--
-- AUTO_INCREMENT untuk tabel `user`
--
ALTER TABLE `user`
  MODIFY `id_user` int(25) NOT NULL AUTO_INCREMENT, AUTO_INCREMENT=9;
COMMIT;

/*!40101 SET CHARACTER_SET_CLIENT=@OLD_CHARACTER_SET_CLIENT */;
/*!40101 SET CHARACTER_SET_RESULTS=@OLD_CHARACTER_SET_RESULTS */;
/*!40101 SET COLLATION_CONNECTION=@OLD_COLLATION_CONNECTION */;
